gen_freq, delivery ratio, avg delivery delay, graynodes ratio
300,0.31979166666666664,159079.44299674267,
300,0.43854166666666666,230915.92399049882,
300,0.5840277777777778,157911.20808561236,
300,0.15500214684413913,13706.326869806095,
300,0.5118076427651352,144939.033557047,0.1,1,
[[71811     0]
 [  226  7871]]
[[2053    0 4290    0 6463    0 6861    0 7786    0 8557    0 8466    0 8713    0 9274    0 9348    0]
 [ 166   24   59  376    1  729    0  928    0  937    0  872    0  925    0 1076    0  914    0 1090]],
300,0.09446618222470654,6185.384615384615,
300,0.39686975964225824,116241.26338028169,0.2,1,
[[49048     0]
 [  667 11675]]
[[ 965    0 1143    0 2373    0 4402    0 5690    0 6352    0 6418    0 6915    0 7220    0 7570    0]
 [ 235    0  259   33  164  446    9 1063    0 1401    0 1701    0 1721    0 1633    0 1875    0 1802]],
300,0.06058446186742694,3313.529411764706,
300,0.3114754098360656,88670.04805491991,0.3,1,
[[31506     0]
 [ 1175 12465]]
[[ 544    0  655    0  753    0 1171    0 2614    0 4123    0 4907    0 5331    0 5439    0 5969    0]
 [ 258    0  275   15  274   86  216  325  145  940    7 1636    0 2144    0 2157    0 2478    0 2684]],
300,0.04580896686159844,2425.595744680851,
300,0.19103313840155944,61447.0918367347,0.4,1,
[[19843     0]
 [ 1508 11976]]
[[ 478    0  427    0  500    0  534    0  852    0 1652    0 3008    0 3799    0 4218    0 4375    0]
 [ 261    0  274    3  276   25  259   80  248  304  184  823    6 2107    0 2527    0 2885    0 3222]],
300,0.02865329512893983,1620.2,
300,0.045845272206303724,3408.25,0.5,1,
[[4056    0]
 [2674 1461]]
[[210   0 269   0 262   0 319   0 324   0 322   0 362   0 544   0 612   0 832   0]
 [271   0 272   0 284   0 273  24 276  47 272  77 257 121 276 234 260 361 233 597]],

gen_freq, delivery ratio, avg delivery delay, graynodes ratio
600,0.42569444444444443,139607.35073409462,
600,0.5784722222222223,176630.5930372149,
600,0.8048611111111111,113433.1138912856,
600,0.16666666666666666,11524.108808290155,
600,0.653713298791019,104258.26552179657,0.1,1,
[[45568     0]
 [  186  4865]]
[[1094    0 1465    0 3228    0 4527    0 5094    0 5541    0 5839    0 6025    0 6266    0 6489    0]
 [  99    1   78   87    9  374    0  517    0  558    0  613    0  551    0  747    0  747    0  670]],
600,0.08705357142857142,5041.717948717948,
600,0.5569196428571429,91535.98396793587,0.2,1,
[[32227     0]
 [  357  7976]]
[[ 490    0  651    0 1202    0 2137    0 3490    0 4287    0 4523    0 5028    0 5033    0 5386    0]
 [ 118    0  125   27   82  224   32  506    0  969    0 1084    0 1200    0 1187    0 1326    0 1453]],
600,0.06509695290858726,3927.723404255319,
600,0.4279778393351801,86428.82200647249,0.3,1,
[[22921     0]
 [  534  9505]]
[[ 310    0  268    0  339    0  631    0 1872    0 3110    0 3670    0 3926    0 4262    0 4533    0]
 [ 130    0  139    0  134   11  104  171   27  772    0 1363    0 1458    0 1741    0 1953    0 2036]],
600,0.04365079365079365,3168.5454545454545,
600,0.2976190476190476,57986.73333333333,0.4,1,
[[12308     0]
 [  814  7561]]
[[ 193    0  190    0  152    0  193    0  345    0  623    0 1748    0 2594    0 3042    0 3228    0]
 [ 137    0  135    0  135    1  137   12  126  100  105  328   35 1114    4 1776    0 1965    0 2265]],
600,0.0226628895184136,2847.875,
600,0.21529745042492918,43066.73684210526,0.5,1,
[[8050    0]
 [ 914 7019]]
[[ 156    0  116    0  146    0  156    0  185    0  344    0  768    0 1578    0 2132    0 2469    0]
 [ 138    0  136    0  142    0  136   15  131   40  127  179   89  635   15 1550    0 2229    0 2371]],

gen_freq, delivery ratio, avg delivery delay, graynodes ratio
900,0.503125,128277.85921325051,
900,0.678125,129759.13671274962,
900,0.8635416666666667,101494.61158021713,
900,0.16099476439790575,11023.674796747968,
900,0.7277486910994765,89786.69604316547,0.1,1,
[[31832     0]
 [  143  3610]]
[[ 600    0  852    0 2135    0 3268    0 3548    0 3772    0 4367    0 4236    0 4475    0 4579    0]
 [  77    0   61   46    5  224    0  394    0  437    0  451    0  507    0  528    0  490    0  533]],
900,0.09,5941.7962962962965,
900,0.555,81107.61861861862,0.2,1,
[[22562     0]
 [  296  5597]]
[[ 327    0  416    0  595    0 1113    0 2296    0 2971    0 3303    0 3615    0 3902    0 4024    0]
 [  86    0   88    1   73   66   49  219    0  618    0  795    0  819    0  971    0  995    0 1113]],
900,0.049484536082474224,3716.7916666666665,
900,0.38762886597938145,75127.32978723405,0.3,1,
[[14446     0]
 [  431  5966]]
[[ 190    0  237    0  323    0  264    0  599    0 1562    0 2512    0 2606    0 3063    0 3090    0]
 [  87    0   95    0   87    2   85   29   60  219   17  638    0 1120    0 1213    0 1313    0 1432]],
900,0.036931818181818184,2626.5384615384614,
900,0.3125,56438.89090909091,0.4,1,
[[9773    0]
 [ 532 5640]]
[[ 132    0  150    0  131    0  203    0  222    0  486    0 1394    0 2148    0 2292    0 2615    0]
 [  88    0   94    0   91    0   93    2   86   51   67  258   13  868    0 1346    0 1463    0 1652]],
900,0.011406844106463879,1375.0,
900,0.1596958174904943,37828.28571428572,0.5,1,
[[4855    0]
 [ 671 4313]]
[[  92    0   90    0   99    0   68    0  112    0  102    0  332    0  697    0 1497    0 1766    0]
 [  92    0   96    0   94    0   92    0   93   10   94   40   77  231   33  701    0 1474    0 1857]],

gen_freq, delivery ratio, avg delivery delay, graynodes ratio
1200,0.5555555555555556,120466.3125,
1200,0.7486111111111111,102314.12615955473,
1200,0.8888888888888888,90440.109375,
1200,0.1737012987012987,9049.822429906542,
1200,0.6964285714285714,66673.68298368299,0.1,1,
[[21037     0]
 [  158  2255]]
[[ 478    0  654    0  970    0 1601    0 2395    0 2935    0 2864    0 3011    0 3068    0 3061    0]
 [  54    0   46   21   53   82    5  179    0  287    0  333    0  298    0  375    0  341    0  339]],
1200,0.10284463894967177,4154.659574468085,
1200,0.5361050328227571,70847.62857142858,0.2,1,
[[15936     0]
 [  256  3770]]
[[ 221    0  237    0  297    0  351    0 1045    0 2280    0 2750    0 2864    0 2931    0 2960    0]
 [  65    0   64    0   62    5   57   29    8  275    0  564    0  697    0  733    0  742    0  725]],
1200,0.08069164265129683,2970.8928571428573,
1200,0.38328530259365995,54911.15789473684,0.3,1,
[[10282     0]
 [  351  3979]]
[[ 114    0  164    0  175    0  177    0  280    0  831    0 1838    0 1998    0 2309    0 2396    0]
 [  67    0   66    0   71    0   63    7   57   63   27  364    0  757    0  895    0  887    0 1006]],
1200,0.03982300884955752,1069.3333333333333,
1200,0.3053097345132743,46910.217391304344,0.4,1,
[[5625    0]
 [ 460 3603]]
[[  96    0   97    0   63    0   81    0   99    0  160    0  406    0 1048    0 1635    0 1940    0]
 [  68    0   68    0   69    0   66    0   66   10   67   51   46  233   10  724    0 1196    0 1389]],
1200,0.043243243243243246,2287.75,
1200,0.17297297297297298,32590.625,0.5,1,
[[3204    0]
 [ 537 2561]]
[[  62    0   79    0   66    0   68    0   83    0   95    0  151    0  318    0  938    0 1344    0]
 [  68    0   68    0   70    0   67    0   69    0   73   10   60   90   50  268   12  918    0 1275]],

gen_freq, delivery ratio, avg delivery delay, graynodes ratio
1500,0.5763888888888888,109922.40361445783,
1500,0.7986111111111112,95779.49782608695,
1500,0.8993055555555556,77614.38996138996,
1500,0.15,11959.376811594202,
1500,0.6521739130434783,67543.51,0.1,1,
[[17137     0]
 [  149  1706]]
[[ 395    0  433    0  745    0 1049    0 1947    0 2293    0 2680    0 2326    0 2666    0 2603    0]
 [  41    0   45    4   38   52   25  103    0  184    0  233    0  298    0  291    0  278    0  263]],
1500,0.08401084010840108,3762.935483870968,
1500,0.4254742547425474,55305.3949044586,0.2,1,
[[11140     0]
 [  261  2538]]
[[ 201    0  163    0  146    0  269    0  373    0 1111    0 1880    0 2203    0 2337    0 2457    0]
 [  48    0   54    0   53    0   53   17   42   46   10  263    1  489    0  439    0  635    0  649]],
1500,0.05802047781569966,2941.3529411764707,
1500,0.31399317406143346,43840.97826086957,0.3,1,
[[6996    0]
 [ 336 2735]]
[[ 115    0  136    0  139    0  155    0  155    0  236    0  707    0 1471    0 1827    0 2055    0]
 [  51    0   56    1   54    1   56    2   51   19   49   65   19  240    0  681    0  822    0  904]],
1500,0.05045871559633028,1953.3636363636363,
1500,0.18807339449541285,20858.024390243903,0.4,1,
[[2666    0]
 [ 437 1398]]
[[  91    0   68    0   61    0   67    0   84    0  111    0  115    0  263    0  571    0 1235    0]
 [  51    0   55    0   56    0   57    0   55    1   50   11   56   42   41  150   16  390    0  804]],
1500,0.0273972602739726,791.5,
1500,0.0410958904109589,1806.0,0.5,1,
[[1147    0]
 [ 505  773]]
[[ 51   0  44   0  48   0  47   0  56   0  89   0  50   0  96   0 179   0 487   0]
 [ 53   0  56   0  56   0  57   0  53   3  59   4  56  10  53  48  45 150  17 558]],

gen_freq, delivery ratio, avg delivery delay, graynodes ratio
300,0.31979166666666664,155728.7111834962,
300,0.44479166666666664,236143.25292740046,
300,0.5743055555555555,152599.81257557435,
300,0.15531453362255965,13152.31843575419,
300,0.5023861171366595,139201.9628670121,0.1,1,
[[71261     0]
 [  247  7759]]
[[2104    0 3981    0 6027    0 7310    0 7636    0 8414    0 8697    0 8831    0 8924    0 9337    0]
 [ 171   31   76  351    0  702    0  803    0  925    0  975    0  982    0  975    0 1076    0  939]],
300,0.07368995633187773,6963.385185185185,
300,0.4066593886462882,130080.43489932886,0.2,1,
[[52044     0]
 [  584 12583]]
[[ 990    0 1494    0 3262    0 4937    0 5765    0 6562    0 7026    0 7202    0 7354    0 7452    0]
 [ 250    0  211  148  107  628   16 1279    0 1389    0 1736    0 1828    0 1771    0 1867    0 1937]],
300,0.04734982332155477,4002.0746268656717,
300,0.31307420494699645,88152.79458239277,0.3,1,
[[32283     0]
 [ 1081 12939]]
[[ 603    0  626    0  827    0 1444    0 2714    0 4393    0 5090    0 5248    0 5675    0 5663    0]
 [ 264    0  267   18  243  130  207  465   94 1045    6 1876    0 2243    0 2274    0 2384    0 2504]],
300,0.045368620037807186,2691.2083333333335,
300,0.20793950850661624,54795.218181818185,0.4,1,
[[18105     0]
 [ 1635 10711]]
[[ 377    0  377    0  479    0  557    0  714    0 1273    0 2495    0 3487    0 4123    0 4223    0]
 [ 266    0  279    1  262   15  269   81  256  278  217  590   86 1574    0 2511    0 2764    0 2897]],
300,0.025936599423631124,1673.5,
300,0.037463976945244955,3716.153846153846,0.5,1,
[[3775    0]
 [2706 1177]]
[[286   0 258   0 275   0 263   0 300   0 362   0 405   0 458   0 552   0 616   0]
 [277   0 270   0 282   0 269  12 278  40 272  58 275 128 263 209 260 314 260 416]],

gen_freq, delivery ratio, avg delivery delay, graynodes ratio
600,0.42430555555555555,139058.9541734861,
600,0.575,170089.27173913043,
600,0.7979166666666667,123372.34812880766,
600,0.14927905004240882,11274.102272727272,
600,0.6505513146734521,106420.75880052151,0.1,1,
[[46965     0]
 [  192  5024]]
[[ 928    0 1527    0 3314    0 4462    0 5165    0 5856    0 6210    0 6264    0 6460    0 6779    0]
 [ 101    3   91  111    0  394    0  503    0  591    0  630    0  713    0  656    0  693    0  730]],
600,0.08647450110864745,5750.794871794872,
600,0.5277161862527716,90038.6806722689,0.2,1,
[[33120     0]
 [  372  7874]]
[[ 530    0  521    0  923    0 2569    0 3784    0 4412    0 4718    0 5007    0 5021    0 5635    0]
 [ 121    0  135    2  107  123    9  644    0  934    0 1031    0 1239    0 1194    0 1342    0 1365]],
600,0.04941860465116279,3898.676470588235,
600,0.4171511627906977,74697.71777003484,0.3,1,
[[22657     0]
 [  543  9046]]
[[ 370    0  302    0  415    0  600    0 1662    0 3053    0 3764    0 3933    0 4059    0 4499    0]
 [ 131    0  141    0  127   22  114  153   30  674    0 1330    0 1547    0 1568    0 1780    0 1972]],
600,0.04073319755600815,1734.6,
600,0.3014256619144603,66669.93918918919,0.4,1,
[[13956     0]
 [  734  8743]]
[[ 204    0  191    0  201    0  228    0  367    0  982    0 2316    0 2765    0 3243    0 3459    0]
 [ 133    0  139    0  141    0  130   38  123  160   68  545    0 1573    0 1826    0 2240    0 2361]],
600,0.029069767441860465,3038.7,
600,0.18313953488372092,50247.06349206349,0.5,1,
[[6923    0]
 [ 983 6234]]
[[ 144    0  138    0  119    0  158    0  185    0  226    0  590    0 1198    0 1904    0 2261    0]
 [ 133    0  142    0  137    0  136   14  133   55  135  158   94  502   69 1212    4 1956    0 2337]],

gen_freq, delivery ratio, avg delivery delay, graynodes ratio
900,0.49270833333333336,123809.61733615222,
900,0.6604166666666667,136782.4952681388,
900,0.840625,95874.61338289962,
900,0.176696542893726,11447.463768115942,
900,0.6837387964148528,91147.60674157304,0.1,1,
[[31477     0]
 [  164  3425]]
[[ 602    0  749    0 1840    0 2892    0 3614    0 4207    0 4253    0 4338    0 4305    0 4677    0]
 [  66    0   71   17   24  200    3  338    0  414    0  471    0  451    0  452    0  545    0  537]],
900,0.09771986970684039,4772.133333333333,
900,0.5472312703583062,69734.77380952382,0.2,1,
[[21110     0]
 [  305  4848]]
[[ 294    0  314    0  442    0  849    0 2034    0 2873    0 3060    0 3531    0 3721    0 3992    0]
 [  77    0   92    8   80   31   49  140    7  512    0  645    0  752    0  879    0  953    0  928]],
900,0.06666666666666667,3213.0,
900,0.44166666666666665,68492.35849056604,0.3,1,
[[14820     0]
 [  421  6062]]
[[ 177    0  202    0  222    0  303    0  477    0 1639    0 2447    0 2870    0 3147    0 3336    0]
 [  85    0   87    0   94    0   81   30   68  139    6  740    0 1034    0 1277    0 1342    0 1500]],
900,0.06811145510835913,2308.9545454545455,
900,0.30340557275541796,53186.58163265306,0.4,1,
[[8544    0]
 [ 547 5366]]
[[ 127    0  134    0  135    0  110    0  163    0  415    0 1023    0 1905    0 2115    0 2417    0]
 [  87    0   94    0   95    0   89    3   89   32   63  201   30  703    0 1298    0 1466    0 1663]],
900,0.040892193308550186,1957.1818181818182,
900,0.1970260223048327,33939.15094339623,0.5,1,
[[4340    0]
 [ 688 3885]]
[[  78    0  110    0   66    0   83    0  109    0  162    0  245    0  569    0 1211    0 1707    0]
 [  89    0   92    0   96    0   92    0   88    3   88   67   86  178   54  541    3 1264    0 1832]],

gen_freq, delivery ratio, avg delivery delay, graynodes ratio
1200,0.5319444444444444,114679.93211488251,
1200,0.75,104613.83333333333,
1200,0.8972222222222223,78902.326625387,
1200,0.16271186440677965,8524.541666666666,
1200,0.6677966101694915,68754.02030456853,0.1,1,
[[22011     0]
 [  153  2385]]
[[ 371    0  607    0  918    0 1782    0 2665    0 3083    0 3012    0 2938    0 3285    0 3350    0]
 [  54    0   48   26   39   67   12  221    0  284    0  347    0  370    0  308    0  363    0  399]],
1200,0.09482758620689655,5628.795454545455,
1200,0.5043103448275862,67212.80341880342,0.2,1,
[[14808     0]
 [  267  3463]]
[[ 215    0  252    0  244    0  358    0  968    0 2158    0 2625    0 2509    0 2543    0 2936    0]
 [  66    0   66    0   59    6   56   34   20  221    0  518    0  654    0  605    0  674    0  751]],
1200,0.06865671641791045,3497.0434782608695,
1200,0.3970149253731343,53111.97744360902,0.3,1,
[[9968    0]
 [ 373 3872]]
[[ 166    0  155    0  175    0  189    0  282    0  824    0 1531    0 2104    0 2184    0 2358    0]
 [  64    0   67    0   69    2   61    7   65   64   41  301    6  598    0  903    0  984    0 1013]],
1200,0.043478260869565216,2139.6363636363635,
1200,0.22924901185770752,37890.89655172414,0.4,1,
[[4619    0]
 [ 487 2898]]
[[ 101    0   90    0  112    0   72    0  118    0  188    0  301    0  708    0 1311    0 1618    0]
 [  68    0   67    0   68    0   67    0   68    5   69   41   53  135   27  514    0  943    0 1260]],
1200,0.028089887640449437,1385.8,
1200,0.14606741573033707,30931.69230769231,0.5,1,
[[2992    0]
 [ 549 2575]]
[[  97    0   76    0   79    0   66    0   62    0   84    0  112    0  242    0  769    0 1405    0]
 [  68    0   67    0   72    0   66    0   71    3   72   27   64   47   60  177    9  799    0 1522]],

gen_freq, delivery ratio, avg delivery delay, graynodes ratio
1500,0.5868055555555556,105479.65384615384,
1500,0.7934027777777778,81091.87089715536,
1500,0.8854166666666666,89161.73725490196,
1500,0.13577586206896552,9893.333333333334,
1500,0.584051724137931,61747.96309963099,0.1,1,
[[15718     0]
 [  164  1659]]
[[ 331    0  428    0  564    0  936    0 1448    0 1959    0 2488    0 2270    0 2480    0 2814    0]
 [  44    0   53    0   40   27   22   84    5  154    0  251    0  271    0  240    0  279    0  353]],
1500,0.09859154929577464,5081.714285714285,
1500,0.4676056338028169,61234.71686746988,0.2,1,
[[11099     0]
 [  263  2572]]
[[ 181    0  253    0  233    0  293    0  426    0 1035    0 1963    0 2118    0 2351    0 2246    0]
 [  48    0   57    0   53    6   46   23   42   99   17  215    0  504    0  512    0  609    0  604]],
1500,0.059748427672955975,2702.8947368421054,
1500,0.29874213836477986,41327.68421052631,0.3,1,
[[6239    0]
 [ 339 2503]]
[[ 110    0  142    0  118    0  182    0  160    0  225    0  691    0 1154    0 1640    0 1817    0]
 [  51    0   59    0   56    0   49    0   54   12   51   50   16  256    3  560    0  716    0  909]],
1500,0.04060913705583756,1923.75,
1500,0.2131979695431472,21608.285714285714,0.4,1,
[[2856    0]
 [ 425 1613]]
[[  66    0   81    0   94    0   75    0  108    0  136    0  176    0  330    0  642    0 1148    0]
 [  53    0   57    0   57    0   52    2   51   13   57   27   48   75   37  206   13  384    0  906]],
1500,0.02158273381294964,652.3333333333334,
1500,0.03597122302158273,14260.2,0.5,1,
[[1093    0]
 [ 510  578]]
[[ 60   0  64   0  65   0  66   0  43   0  66   0  68   0  82   0 137   0 442   0]
 [ 53   0  58   0  56   0  50   0  55   0  58   3  57  17  51  39  47  98  25 421]],

gen_freq, delivery ratio, avg delivery delay, graynodes ratio
300,0.3145833333333333,161070.99668874172,
300,0.4510416666666667,235174.38645111624,
300,0.5614583333333333,150717.29560915276,
300,0.16407599309153714,12267.018421052631,
300,0.5341105354058722,133798.81002425222,0.1,1,
[[70451     0]
 [  243  7679]]
[[2110    0 4472    0 6272    0 7287    0 7891    0 7900    0 8399    0 8584    0 8401    0 9135    0]
 [ 162   33   75  404    6  748    0  711    0  838    0  916    0 1057    0  916    0 1033    0 1023]],
300,0.0916030534351145,6847.309523809524,
300,0.3767720828789531,104246.72503617944,0.2,1,
[[47389     0]
 [  730 11606]]
[[ 925    0 1142    0 2366    0 3880    0 5419    0 5913    0 6741    0 6984    0 6735    0 7284    0]
 [ 243    0  237   81  184  456   66  908    0 1398    0 1607    0 1730    0 1729    0 1792    0 1905]],
300,0.06578947368421052,4257.336842105263,
300,0.29986149584487537,96415.65588914549,0.3,1,
[[35305     0]
 [  923 14311]]
[[ 679    0  655    0  971    0 2007    0 3878    0 4677    0 5481    0 5531    0 5507    0 5919    0]
 [ 255    0  262   38  252  182  150  720    4 1751    0 1856    0 2354    0 2292    0 2477    0 2641]],
300,0.04500978473581213,2957.108695652174,
300,0.20645792563600782,56212.398104265405,0.4,1,
[[18384     0]
 [ 1589 10704]]
[[ 473    0  368    0  411    0  556    0  720    0 1292    0 2667    0 3597    0 3936    0 4364    0]
 [ 261    0  275    0  277    4  265   93  243  266  208  627   60 1695    0 2372    0 2630    0 3017]],
300,0.04297994269340974,2718.4333333333334,
300,0.06876790830945559,4230.541666666667,0.5,1,
[[4589    0]
 [2631 2112]]
[[ 287    0  272    0  238    0  316    0  288    0  378    0  445    0  611    0  682    0 1072    0]
 [ 270    0  277    0  281    5  270   26  269   59  269   86  271  221  255  325  252  446  217  944]],

gen_freq, delivery ratio, avg delivery delay, graynodes ratio
600,0.43472222222222223,135375.0015974441,
600,0.5840277777777778,170258.63139120096,
600,0.7840277777777778,120094.88928255092,
600,0.15889464594127806,11093.994565217392,
600,0.6442141623488774,109085.43297587131,0.1,1,
[[45531     0]
 [  200  4876]]
[[1007    0 1247    0 3227    0 4777    0 5463    0 5427    0 6002    0 6006    0 5909    0 6466    0]
 [ 102    0   90   75    8  349    0  486    0  565    0  635    0  630    0  640    0  727    0  769]],
600,0.09465478841870824,6644.670588235294,
600,0.5657015590200446,88882.6653543307,0.2,1,
[[31855     0]
 [  358  7703]]
[[ 472    0  496    0  933    0 2402    0 3578    0 4239    0 4658    0 4807    0 4920    0 5350    0]
 [ 120    0  122    2   99  125   17  590    0  960    0 1061    0 1188    0 1226    0 1246    0 1305]],
600,0.059248554913294796,4001.9756097560976,
600,0.3959537572254335,71714.4306569343,0.3,1,
[[20622     0]
 [  591  8413]]
[[ 298    0  300    0  305    0  595    0 1398    0 2353    0 3357    0 3745    0 3933    0 4338    0]
 [ 133    0  138    0  130    6  118  101   70  599    2 1063    0 1467    0 1603    0 1704    0 1870]],
600,0.04809619238476954,2363.25,
600,0.2925851703406814,72929.07534246576,0.4,1,
[[13174     0]
 [  756  8330]]
[[ 217    0  183    0  218    0  208    0  316    0  824    0 2118    0 2766    0 2880    0 3444    0]
 [ 138    0  137    0  137    5  136   32  130   98   74  468    4 1370    0 1895    0 2069    0 2393]],
600,0.029498525073746312,1467.2,
600,0.20353982300884957,36776.20289855073,0.5,1,
[[6260    0]
 [1038 5421]]
[[ 139    0  134    0  148    0  110    0  151    0  297    0  503    0 1032    0 1620    0 2126    0]
 [ 141    0  138    0  138    0  143    5  132   37  133  147  110  437   56 1024   30 1662   17 2109]],

gen_freq, delivery ratio, avg delivery delay, graynodes ratio
900,0.49166666666666664,122990.83262711864,
900,0.6833333333333333,134000.74847560975,
900,0.8479166666666667,100754.82678132679,
900,0.1679790026246719,12061.15625,
900,0.6587926509186351,77622.01195219124,0.1,1,
[[29997     0]
 [  171  3182]]
[[ 587    0  922    0 1662    0 2787    0 3569    0 3735    0 4217    0 4043    0 4105    0 4370    0]
 [  71    0   74   30   26  142    0  323    0  348    0  437    0  421    0  521    0  461    0  499]],
900,0.0899830220713073,4332.641509433963,
900,0.5297113752122241,71701.64102564103,0.2,1,
[[20592     0]
 [  316  5078]]
[[ 345    0  339    0  445    0  944    0 1983    0 2812    0 3242    0 3196    0 3542    0 3744    0]
 [  81    0   92    3   74   33   56  172    7  500    6  794    0  836    0  817    0  902    0 1021]],
900,0.05360824742268041,3026.5384615384614,
900,0.4247422680412371,64662.81553398058,0.3,1,
[[13826     0]
 [  435  5663]]
[[ 166    0  210    0  237    0  330    0  539    0 1437    0 2285    0 2553    0 2919    0 3150    0]
 [  89    0   90    0   89    3   89   38   51  183   27  625    0 1077    0 1046    0 1321    0 1370]],
900,0.06646525679758308,1767.7727272727273,
900,0.3081570996978852,50111.23529411765,0.4,1,
[[9175    0]
 [ 542 5403]]
[[ 130    0  162    0  141    0  138    0  191    0  428    0 1139    0 1945    0 2303    0 2598    0]
 [  86    0   94    0   90    1   92    8   85   42   73  178   22  745    0 1381    0 1475    0 1573]],
900,0.04854368932038835,1385.5,
900,0.1553398058252427,22444.125,0.5,1,
[[3607    0]
 [ 732 3139]]
[[  76    0   86    0   96    0   71    0  106    0  125    0  140    0  385    0  935    0 1587    0]
 [  91    0   94    0   91    0   93    0   88    8   92   44   87   80   64  377   28  981    4 1649]],

gen_freq, delivery ratio, avg delivery delay, graynodes ratio
1200,0.5347222222222222,118975.88051948052,
1200,0.7513888888888889,103795.50831792977,
1200,0.8805555555555555,83196.02681388013,
1200,0.17677642980935876,11755.519607843138,
1200,0.7660311958405546,83736.8371040724,0.1,1,
[[24945     0]
 [  101  2613]]
[[ 530    0  613    0 1628    0 2665    0 3098    0 3227    0 3365    0 3157    0 3253    0 3409    0]
 [  49    0   43   35    9  173    0  315    0  314    0  361    0  340    0  357    0  336    0  382]],
1200,0.08108108108108109,6010.0,
1200,0.45045045045045046,75028.685,0.2,1,
[[14497     0]
 [  308  3424]]
[[ 273    0  206    0  238    0  535    0  663    0 1482    0 2393    0 2660    0 2979    0 3068    0]
 [  65    0   65    1   68   10   54   82   51  129    5  282    0  671    0  682    0  773    0  794]],
1200,0.0855457227138643,3826.448275862069,
1200,0.3893805309734513,48728.280303030304,0.3,1,
[[9856    0]
 [ 351 4005]]
[[ 154    0  173    0  191    0  181    0  190    0  577    0 1576    0 2044    0 2301    0 2469    0]
 [  62    0   63    0   65    6   66    7   62   39   33  232    0  687    0  949    0  971    0 1114]],
1200,0.046511627906976744,2604.25,
1200,0.2248062015503876,39940.84482758621,0.4,1,
[[4840    0]
 [ 484 2789]]
[[  96    0   73    0  114    0   92    0  108    0  192    0  370    0  666    0 1385    0 1744    0]
 [  64    0   65    0   70    0   67    2   67    3   66   45   47  248   37  419    1  919    0 1153]],
1200,0.05625,2520.222222222222,
1200,0.16875,16448.14814814815,0.5,1,
[[2150    0]
 [ 579 1592]]
[[  51    0   93    0   64    0   59    0   62    0  107    0  121    0  166    0  413    0 1014    0]
 [  69    0   63    0   69    0   70    0   70    2   68   21   66   66   61  119   43  384    0 1000]],

gen_freq, delivery ratio, avg delivery delay, graynodes ratio
1500,0.5694444444444444,106859.68902439025,
1500,0.7986111111111112,75265.42826086956,
1500,0.8802083333333334,86888.89940828402,
1500,0.16596638655462184,11510.405063291139,
1500,0.6617647058823529,77705.19047619047,0.1,1,
[[20070     0]
 [  127  2028]]
[[ 320    0  541    0  843    0 1686    0 2295    0 2586    0 2892    0 3043    0 2850    0 3014    0]
 [  41    0   43   10   32   67   11  176    0  246    0  318    0  292    0  309    0  300    0  310]],
1500,0.09366391184573003,6673.529411764706,
1500,0.5151515151515151,64153.96256684492,0.2,1,
[[11786     0]
 [  228  2788]]
[[ 171    0  257    0  284    0  275    0  739    0 1482    0 2113    0 2217    0 2029    0 2219    0]
 [  50    0   51    3   49    7   49   39   29  154    0  376    0  494    0  631    0  543    0  541]],
1500,0.042105263157894736,4309.833333333333,
1500,0.29473684210526313,46489.5,0.3,1,
[[6480    0]
 [ 345 2407]]
[[ 139    0   91    0  111    0  163    0  152    0  311    0  649    0 1375    0 1687    0 1802    0]
 [  52    0   54    0   53    0   58    0   52    6   51   72   25  237    0  582    0  735    0  775]],
1500,0.038834951456310676,3734.375,
1500,0.21359223300970873,33315.47727272727,0.4,1,
[[3375    0]
 [ 419 1890]]
[[  86    0   83    0   85    0   82    0   90    0  106    0  212    0  336    0  916    0 1379    0]
 [  56    0   54    0   54    0   57    0   54    0   57   11   46   69   41  198    0  633    0  979]],
1500,0.04032258064516129,1569.4,
1500,0.10483870967741936,14223.846153846154,0.5,1,
[[1281    0]
 [ 504  819]]
[[ 65   0  53   0  46   0  82   0  58   0  70   0  75   0  92   0 246   0 494   0]
 [ 53   0  55   0  54   0  58   0  53   1  58   7  55  28  50  70  45 203  23 510]],

gen_freq, delivery ratio, avg delivery delay, graynodes ratio
300,0.3263888888888889,144328.3670212766,
300,0.4423611111111111,236048.68759811617,
300,0.5784722222222223,154169.91416566627,
300,0.1486013986013986,13074.591176470589,
300,0.5052447552447552,128650.91176470589,0.1,1,
[[68604     0]
 [  316  7623]]
[[1855    0 3214    0 5836    0 6645    0 8071    0 8280    0 8435    0 8651    0 8677    0 8940    0]
 [ 189    3  125  277    2  637    0  765    0  883    0  909    0 1029    0 1034    0  911    0 1175]],
300,0.08921729611384784,6715.361963190184,
300,0.40448823207443896,122716.77672530446,0.2,1,
[[50601     0]
 [  658 11932]]
[[ 900    0 1167    0 2540    0 4410    0 6199    0 6688    0 6775    0 7275    0 7270    0 7377    0]
 [ 246    0  251   62  141  486   20 1124    0 1550    0 1611    0 1796    0 1734    0 1602    0 1967]],
300,0.054813773717498245,3924.6794871794873,
300,0.3239634574841883,94044.95010845987,0.3,1,
[[32517     0]
 [ 1089 12853]]
[[ 551    0  640    0  830    0 1400    0 3131    0 4330    0 5087    0 5470    0 5523    0 5555    0]
 [ 255    0  267   14  263  110  213  389   89 1268    2 1924    0 2108    0 2193    0 2510    0 2337]],
300,0.04541154210028382,2676.9583333333335,
300,0.18637653736991486,46708.31979695432,0.4,1,
[[17030     0]
 [ 1748  9576]]
[[ 374    0  353    0  430    0  481    0  680    0 1266    0 2050    0 3160    0 3933    0 4303    0]
 [ 272    0  281    1  273   24  268   52  270  229  218  610  155 1252   11 2151    0 2360    0 2897]],
300,0.03698224852071006,2343.6,
300,0.0621301775147929,3324.0714285714284,0.5,1,
[[4058    0]
 [2695 1400]]
[[275   0 257   0 262   0 281   0 393   0 406   0 401   0 511   0 565   0 707   0]
 [270   0 276   2 279  10 274  30 275  66 271  94 271 148 268 248 254 359 257 443]],

gen_freq, delivery ratio, avg delivery delay, graynodes ratio
600,0.4284722222222222,138662.12317666126,
600,0.5840277777777778,172237.0677764566,
600,0.78125,121345.56266666666,
600,0.1683673469387755,11161.661616161617,
600,0.7032312925170068,108332.84280532044,0.1,1,
[[47221     0]
 [  161  5082]]
[[1135    0 1873    0 3858    0 4601    0 5782    0 5860    0 5737    0 6067    0 5959    0 6349    0]
 [  89    4   71  146    1  449    0  526    0  641    0  620    0  629    0  663    0  711    0  693]],
600,0.1006637168141593,5785.56043956044,
600,0.5376106194690266,85532.60288065844,0.2,1,
[[31834     0]
 [  383  7835]]
[[ 524    0  643    0  794    0 1868    0 3792    0 4183    0 4541    0 4874    0 5082    0 5533    0]
 [ 119    2  105   19  122   99   37  461    0  947    0 1010    0 1161    0 1310    0 1384    0 1442]],
600,0.07423580786026202,3870.078431372549,
600,0.438136826783115,74153.86710963455,0.3,1,
[[22682     0]
 [  528  8918]]
[[ 347    0  319    0  402    0  762    0 1881    0 2835    0 3530    0 3923    0 4365    0 4318    0]
 [ 130    0  126    1  134   16  105  204   33  726    0 1217    0 1464    0 1618    0 1848    0 1824]],
600,0.05835010060362173,2495.7241379310344,
600,0.2837022132796781,60695.9219858156,0.4,1,
[[12992     0]
 [  753  8270]]
[[ 225    0  202    0  171    0  243    0  431    0 1014    0 1860    0 2643    0 2943    0 3260    0]
 [ 133    0  130    0  137    4  126   16  120  174   81  616   26 1315    0 1824    0 2082    0 2239]],
600,0.026737967914438502,1684.2,
600,0.15508021390374332,44019.81034482759,0.5,1,
[[6967    0]
 [ 980 6271]]
[[ 127    0  138    0  104    0  125    0  154    0  288    0  602    0 1140    0 1892    0 2397    0]
 [ 135    0  135    0  141    0  138    1  135   25  131  141  108  531   56 1181    1 2001    0 2391]],

gen_freq, delivery ratio, avg delivery delay, graynodes ratio
900,0.47604166666666664,131465.6170678337,
900,0.6833333333333333,132664.30487804877,
900,0.8697916666666666,88722.69101796407,
900,0.16226912928759896,11561.926829268292,
900,0.6517150395778364,82703.34412955465,0.1,1,
[[30331     0]
 [  200  3313]]
[[ 651    0  680    0 1634    0 2538    0 3507    0 3849    0 4174    0 4576    0 4232    0 4490    0]
 [  72    0   76   17   47  140    5  262    0  384    0  464    0  531    0  495    0  521    0  499]],
900,0.10372771474878444,6496.5625,
900,0.5964343598055105,81192.97010869565,0.2,1,
[[23498     0]
 [  269  5712]]
[[ 296    0  469    0  507    0 1386    0 2688    0 3071    0 3525    0 3875    0 3790    0 3891    0]
 [  78    0   84    6   80   35   27  279    0  678    0  854    0  831    0  998    0 1052    0  979]],
900,0.06941431670281996,2690.90625,
900,0.4229934924078091,63939.21025641025,0.3,1,
[[14445     0]
 [  427  5807]]
[[ 251    0  246    0  241    0  250    0  660    0 1561    0 2343    0 2839    0 2864    0 3190    0]
 [  83    0   90    0   94    7   87   40   55  225   18  648    0 1012    0 1221    0 1313    0 1341]],
900,0.05,1061.8823529411766,
900,0.31176470588235294,53652.85849056604,0.4,1,
[[9401    0]
 [ 532 6002]]
[[ 100    0  126    0  149    0  148    0  177    0  539    0 1259    0 1985    0 2390    0 2528    0]
 [  88    0   92    0   98    0   90    1   82   26   67  267   15  851    0 1407    0 1634    0 1816]],
900,0.04838709677419355,1649.4166666666667,
900,0.16532258064516128,20836.48780487805,0.5,1,
[[3535    0]
 [ 743 2842]]
[[  67    0  124    0  109    0   86    0  107    0  132    0  209    0  490    0  952    0 1259    0]
 [  87    0   90    0   95    0   94    1   89    2   93   45   78  147   56  449   42  939   19 1259]],

gen_freq, delivery ratio, avg delivery delay, graynodes ratio
1200,0.5527777777777778,113753.88190954774,
1200,0.7347222222222223,105375.0831758034,
1200,0.8847222222222222,78642.58398744113,
1200,0.18166089965397925,10252.104761904762,
1200,0.6626297577854672,63794.21148825065,0.1,1,
[[20767     0]
 [  153  2195]]
[[ 609    0  553    0  730    0 1603    0 2446    0 2801    0 2941    0 3123    0 2909    0 3052    0]
 [  53    0   56    1   39   43    5  180    0  297    0  332    0  338    0  291    0  331    0  382]],
1200,0.08874458874458875,5463.317073170731,
1200,0.5043290043290043,56325.88412017167,0.2,1,
[[14189     0]
 [  278  3325]]
[[ 285    0  261    0  301    0  521    0 1043    0 1672    0 2326    0 2675    0 2568    0 2537    0]
 [  62    0   63    0   65    8   47   57   39  244    2  435    0  598    0  616    0  683    0  684]],
1200,0.04722222222222222,6109.470588235294,
1200,0.40555555555555556,48501.86301369863,0.3,1,
[[9322    0]
 [ 372 3850]]
[[ 129    0  175    0  149    0  223    0  243    0  663    0 1451    0 1985    0 2048    0 2256    0]
 [  68    0   66    0   71    3   64   12   59   58   43  216    1  705    0  882    0  904    0 1070]],
1200,0.033707865168539325,1471.5555555555557,
1200,0.2808988764044944,53536.706666666665,0.4,1,
[[5657    0]
 [ 471 3413]]
[[ 129    0  109    0   93    0  123    0  102    0  176    0  391    0 1087    0 1636    0 1811    0]
 [  68    0   67    0   69    0   72    1   67    7   71   42   51  260    6  727    0 1160    0 1216]],
1200,0.030303030303030304,1299.6,
1200,0.12727272727272726,28095.619047619046,0.5,1,
[[2828    0]
 [ 557 2179]]
[[  69    0   64    0   66    0   85    0   62    0   93    0  117    0  231    0  807    0 1234    0]
 [  70    0   67    0   69    0   73    0   72    0   73   14   64   65   52  211   17  701    0 1188]],

gen_freq, delivery ratio, avg delivery delay, graynodes ratio
1500,0.5833333333333334,101964.66666666667,
1500,0.8038194444444444,91074.61771058316,
1500,0.8923611111111112,75292.07392996109,
1500,0.1540130151843818,8984.211267605633,
1500,0.6702819956616052,64083.70873786408,0.1,1,
[[17004     0]
 [  135  1761]]
[[ 377    0  389    0  641    0 1161    0 1891    0 2357    0 2643    0 2429    0 2578    0 2538    0]
 [  39    0   48    8   35   41   13  103    0  211    0  242    0  329    0  301    0  280    0  246]],
1500,0.08169014084507042,4053.4827586206898,
1500,0.4647887323943662,58276.315151515155,0.2,1,
[[11354     0]
 [  244  2508]]
[[ 218    0  231    0  216    0  328    0  635    0 1268    0 1944    0 2026    0 2247    0 2241    0]
 [  52    0   51    0   50    4   48   31   36  142    7  308    0  448    0  539    0  495    0  541]],
1500,0.07142857142857142,2771.7,
1500,0.32142857142857145,43916.8,0.3,1,
[[6119    0]
 [ 357 2280]]
[[ 161    0  115    0   94    0  179    0  176    0  303    0  535    0 1075    0 1657    0 1824    0]
 [  57    0   50    0   54    0   49   10   59   15   50   72   37  210    1  464    0  720    0  789]],
1500,0.0547945205479452,2663.3333333333335,
1500,0.2328767123287671,17638.254901960783,0.4,1,
[[2994    0]
 [ 425 1611]]
[[  96    0   73    0  104    0   92    0   70    0   98    0  181    0  260    0  749    0 1271    0]
 [  54    0   54    0   54    0   57    0   53    3   56   22   46   54   39  159   12  482    0  891]],
1500,0.026490066225165563,3497.75,
1500,0.052980132450331126,6378.625,0.5,1,
[[1010    0]
 [ 527  531]]
[[ 55   0  43   0  43   0  67   0  61   0  53   0  71   0  71   0 140   0 406   0]
 [ 56   0  56   0  54   0  55   0  55   0  56   4  54  15  54  34  52 104  35 374]],

gen_freq, delivery ratio, avg delivery delay, graynodes ratio
300,0.31666666666666665,150579.50328947368,
300,0.4461805555555556,233352.32684824904,
300,0.575,155868.61413043478,
300,0.16178343949044585,12208.246719160104,
300,0.49341825902335457,138170.78141135973,0.1,1,
[[71039     0]
 [  257  7785]]
[[2000    0 3929    0 6043    0 7226    0 8048    0 8176    0 8384    0 8672    0 9080    0 9481    0]
 [ 204   10   53  408    0  720    0  906    0  987    0  871    0  898    0 1034    0  934    0 1017]],
300,0.09528965890633459,6104.789772727273,
300,0.42122360584732,121414.90745501286,0.2,1,
[[49669     0]
 [  633 11783]]
[[ 963    0 1183    0 2336    0 4560    0 5796    0 6414    0 6672    0 6895    0 7275    0 7575    0]
 [ 239    1  245   46  132  500   17 1126    0 1311    0 1549    0 1727    0 1776    0 1860    0 1887]],
300,0.07262164124909223,3267.97,
300,0.33986928104575165,99008.9935897436,0.3,1,
[[35460     0]
 [  909 14641]]
[[ 684    0  649    0  967    0 2061    0 3870    0 4828    0 5151    0 5313    0 5926    0 6011    0]
 [ 242    0  273   14  245  166  148  705    1 1687    0 2114    0 2233    0 2494    0 2481    0 2747]],
300,0.044820717131474105,1922.8444444444444,
300,0.18227091633466136,58246.51366120219,0.4,1,
[[18240     0]
 [ 1646 10636]]
[[ 383    0  431    0  414    0  562    0  789    0 1184    0 2426    0 3367    0 4213    0 4471    0]
 [ 256    0  276    9  266   38  268  107  259  251  210  599  110 1590    1 2353    0 2705    0 2984]],
300,0.04602510460251046,1334.5454545454545,
300,0.0599721059972106,3162.4651162790697,0.5,1,
[[4362    0]
 [2641 1711]]
[[ 205    0  289    0  274    0  299    0  292    0  343    0  388    0  534    0  664    0 1074    0]
 [ 263    0  284    2  273    5  278   22  262   68  275   94  270   93  254  224  258  394  224  809]],

gen_freq, delivery ratio, avg delivery delay, graynodes ratio
600,0.4083333333333333,135712.4506802721,
600,0.5736111111111111,171157.57263922517,
600,0.7881944444444444,119239.77709251101,
600,0.16881998277347116,10600.872448979591,
600,0.6124031007751938,115538.98171589311,0.1,1,
[[46745     0]
 [  217  4933]]
[[ 878    0 1331    0 2899    0 4511    0 5133    0 5733    0 6187    0 6279    0 6829    0 6965    0]
 [ 110    1   99   73    8  357    0  463    0  592    0  707    0  608    0  624    0  711    0  797]],
600,0.10182207931404073,5673.252631578947,
600,0.5476956055734191,93710.86888454012,0.2,1,
[[34425     0]
 [  334  8104]]
[[ 496    0  598    0 1342    0 2792    0 3870    0 4497    0 4907    0 5049    0 5141    0 5733    0]
 [ 120    0  121   20   77  258   16  652    0  981    0 1125    0 1176    0 1220    0 1336    0 1336]],
600,0.06320224719101124,3428.7555555555555,
600,0.42275280898876405,80341.6511627907,0.3,1,
[[23037     0]
 [  514  9503]]
[[ 328    0  290    0  340    0  820    0 2144    0 3117    0 3547    0 3641    0 4239    0 4571    0]
 [ 132    0  139    2  125   35  102  262   16  823    0 1372    0 1544    0 1604    0 1768    0 2093]],
600,0.033932135728542916,2759.4117647058824,
600,0.25748502994011974,53436.72093023256,0.4,1,
[[12332     0]
 [  802  7549]]
[[ 204    0  204    0  213    0  262    0  291    0  668    0 1576    0 2451    0 3200    0 3263    0]
 [ 134    0  137    0  134    3  131   34  130   83  105  360   31 1055    0 1747    0 2095    0 2172]],
600,0.020289855072463767,4631.285714285715,
600,0.15072463768115943,38416.019230769234,0.5,1,
[[5844    0]
 [1045 4862]]
[[ 113    0  126    0  119    0  156    0  175    0  247    0  478    0  675    0 1675    0 2080    0]
 [ 138    0  142    0  139    0  131    4  135   28  138  146  124  305   80  606   18 1663    0 2110]],

gen_freq, delivery ratio, avg delivery delay, graynodes ratio
900,0.4875,124246.84615384616,
900,0.6791666666666667,136538.8972392638,
900,0.8697916666666666,99472.15928143713,
900,0.1590013140604468,10501.785123966942,
900,0.6727989487516426,89865.654296875,0.1,1,
[[31208     0]
 [  165  3589]]
[[ 674    0  841    0 1710    0 2816    0 3384    0 3851    0 4233    0 4373    0 4681    0 4645    0]
 [  74    0   76   29   15  203    0  347    0  399    0  389    0  519    0  499    0  584    0  620]],
900,0.08548387096774193,4510.207547169812,
900,0.5483870967741935,73835.1294117647,0.2,1,
[[20694     0]
 [  315  4906]]
[[ 285    0  389    0  435    0  859    0 1952    0 2820    0 3159    0 3425    0 3791    0 3579    0]
 [  84    0   87    1   85   28   54  164    5  473    0  799    0  787    0  891    0  909    0  854]],
900,0.08281573498964803,3210.75,
900,0.4161490683229814,66987.66666666667,0.3,1,
[[15064     0]
 [  418  6317]]
[[ 189    0  244    0  209    0  271    0  565    0 1584    0 2451    0 2905    0 3249    0 3397    0]
 [  90    0   85    0   87    0   84   29   68  153    4  714    0 1072    0 1323    0 1426    0 1600]],
900,0.059490084985835696,3057.7619047619046,
900,0.2776203966005666,44056.61224489796,0.4,1,
[[8723    0]
 [ 557 5456]]
[[ 112    0  130    0  142    0  121    0  192    0  454    0 1119    0 1896    0 2156    0 2401    0]
 [  91    0   92    0   90    2   85    7   90   30   74  226   29  733    6 1306    0 1524    0 1628]],
900,0.025,3348.0,
900,0.175,45452.80952380953,0.5,1,
[[4859    0]
 [ 674 4270]]
[[  97    0   64    0   78    0   91    0  109    0  103    0  290    0  671    0 1472    0 1884    0]
 [  93    0   90    0   94    0   91    0   92    4   85   38   86  166   39  676    4 1484    0 1902]],

gen_freq, delivery ratio, avg delivery delay, graynodes ratio
1200,0.5430555555555555,122204.23529411765,
1200,0.7597222222222222,94968.29616087751,
1200,0.8694444444444445,81987.6214057508,
1200,0.1935483870967742,11924.122807017544,
1200,0.6638370118845501,76925.07928388746,0.1,1,
[[23573     0]
 [  160  2402]]
[[ 479    0  659    0 1082    0 1835    0 2725    0 3136    0 3269    0 3479    0 3425    0 3484    0]
 [  51    0   57   17   41   65   11  194    0  279    0  366    0  370    0  364    0  355    0  392]],
1200,0.10652173913043478,6602.428571428572,
1200,0.5021739130434782,64942.34632034632,0.2,1,
[[15009     0]
 [  288  3399]]
[[ 249    0  258    0  275    0  464    0  866    0 1754    0 2424    0 2766    0 2898    0 3055    0]
 [  63    0   63    0   64    2   58   37   32  180    8  462    0  618    0  745    0  666    0  689]],
1200,0.057803468208092484,3226.45,
1200,0.36416184971098264,46792.69047619047,0.3,1,
[[9286    0]
 [ 367 3733]]
[[ 176    0  164    0  151    0  219    0  287    0  621    0 1408    0 1683    0 2140    0 2437    0]
 [  67    0   65    0   68    3   70   19   63   45   33  237    1  602    0  836    0  935    0 1056]],
1200,0.03292181069958848,1058.125,
1200,0.2716049382716049,48833.045454545456,0.4,1,
[[5850    0]
 [ 467 3576]]
[[  97    0   83    0   92    0  114    0  130    0  211    0  434    0 1100    0 1639    0 1950    0]
 [  67    0   71    0   71    0   70    1   66    3   67   74   47  251    8  749    0 1200    0 1298]],
1200,0.017341040462427744,414.6666666666667,
1200,0.11560693641618497,28358.35,0.5,1,
[[2449    0]
 [ 569 2001]]
[[  81    0   59    0   70    0   65    0   67    0   58    0  109    0  220    0  564    0 1156    0]
 [  69    0   69    0   71    0   68    0   72    0   73    9   62   33   54  159   26  608    5 1192]],

gen_freq, delivery ratio, avg delivery delay, graynodes ratio
1500,0.5711805555555556,110407.7811550152,
1500,0.7916666666666666,87293.25219298246,
1500,0.9027777777777778,80867.45384615385,
1500,0.17391304347826086,10410.425,
1500,0.6804347826086956,57853.744408945684,0.1,1,
[[16653     0]
 [  127  1757]]
[[ 424    0  722    0  919    0 1287    0 1814    0 2001    0 2197    0 2382    0 2359    0 2548    0]
 [  42    0   40   21   29   68   16  134    0  238    0  234    0  273    0  277    0  270    0  242]],
1500,0.0855614973262032,5219.5625,
1500,0.48128342245989303,60522.566666666666,0.2,1,
[[11304     0]
 [  242  2442]]
[[ 234    0  268    0  182    0  331    0  443    0 1204    0 1849    0 2176    0 2303    0 2314    0]
 [  51    0   55    0   51    2   49   22   32   81    4  275    0  482    0  528    0  542    0  510]],
1500,0.06529209621993128,2105.1052631578946,
1500,0.3642611683848797,47706.49056603773,0.3,1,
[[7273    0]
 [ 315 2888]]
[[ 110    0  179    0  123    0  151    0  151    0  342    0 1131    0 1579    0 1724    0 1783    0]
 [  55    0   57    0   53    1   55    6   48   24   42  121    5  491    0  650    0  730    0  865]],
1500,0.04245283018867924,2443.6666666666665,
1500,0.19339622641509435,36386.07317073171,0.4,1,
[[3856    0]
 [ 405 2136]]
[[  81    0   73    0   73    0  109    0  101    0  138    0  201    0  378    0 1100    0 1602    0]
 [  55    0   58    0   53    0   56    0   48    1   55   21   51   90   28  249    1  744    0 1031]],
1500,0.0273972602739726,355.0,
1500,0.08904109589041095,17929.384615384617,0.5,1,
[[1490    0]
 [ 475 1017]]
[[ 49   0  51   0  65   0  54   0  43   0  62   0  62   0  82   0 303   0 719   0]
 [ 56   0  57   0  53   0  58   0  52   0  54   4  55   5  48  49  39 271   3 688]],

